{
  "pure_visual": {
    "roc_auc": 0.9347297931190656,
    "f1": 0.9107084019769357
  },
  "pure_physical": {
    "roc_auc": 0.5,
    "f1": 0.7352572145545797
  },
  "clip_zeroshot": {
    "roc_auc": 0.8109198841854972,
    "f1": 0.7352572145545797
  }
}