{
  "hgb_lr": 0.01963815633730549,
  "rf_depth": 8,
  "logreg_c": 0.6282190012179933
}