{
  "mean": 1.4026639627954476,
  "std": 0.8319204737875429
}